{
  "Delponte": 85.83690987124463,
  "Ziegler": 41.49377593360996,
  "Arbelais": 16.597510373443985,
  "Vega": 230.746887966805,
  "Brikman": 81.9672131147541,
  "Figueredo": 40.816326530612244,
  "Menéndez": 81.63265306122449,
  "Viton": 32.6530612244898,
  "Ávalos": 40.98360655737705,
  "Deagusto": 100,
  "Hurtado": 100,
  "Recalde": 100,
  "Karpowicz": 175,
  "Rodriguez Caputo": 200,
  "Waisberg": 550,
  "Itzcovitz": 565,
  "Formia": 1260,
  "Stratiotis": 1000,
  "Nieto": 1000,
  "Castañeda Paz": 1000,
  "Russo": 5000,
  "de Mario": 40.98360655737705,
  "tipo de cambio avg": 1216.3
}
