{
  "Delponte": 85.83690987124463,
  "Ziegler": 41.49377593360996,
  "Arbelais": 16.597510373443985,
  "Vega": 299.2952750635792,
  "Brikman": 81.9672131147541,
  "Figueredo": 40.816326530612244,
  "Menéndez": 81.63265306122449,
  "Viton": 32.6530612244898,
  "Ávalos": 40.98360655737705,
  "Deagusto": 100,
  "Hurtado": 100,
  "Recalde": 100,
  "Karpowicz": 175,
  "Rodriguez Caputo": 200,
  "Waisberg": 550,
  "Itzcovitz": 565,
  "Formia": 1260,
  "Stratiotis": 1081.967213114754,
  "Nieto": 1000,
  "Castañeda Paz": 1000,
  "Russo": 5000,
  "de Mario": 40.98360655737705,
  "Cornes": 80.97165991902834,
  "Perillo": 32.6530612244898,
  "Taillade Loredo": 32.6530612244898,
  "Lobato": 32.6530612244898,
  "Otero Posse": 26.662373983739837,
  "Durand": 26.662373983739837,
  "Rescigno": 26.662373983739837,
  "Kozlov": 26.662373983739837,
  "Oyarzabal Cazador": 26.662373983739837,
  "Tcach": 26.662373983739837,
  "Schapiro": 26.662373983739837,
  "Montenegro Ortiz": 26.662373983739837,
  "Argibay": 26.662373983739837,
  "Pastorino": 26.662373983739837,
  "Ledesma": 26.662373983739837,
  "Perez": 26.662373983739837,
  "Tassello": 26.662373983739837,
  "Jiménez": 26.662373983739837,
  "Manias": 26.662373983739837,
  "Landivar": 26.662373983739837,
  "Alle": 26.662373983739837,
  "Haupt": 26.662373983739837,
  "Mori": 26.662373983739837,
  "Rena": 26.662373983739837,
  "Jaitt": 26.662373983739837,
  "Bustos Persia": 26.662373983739837,
  "Picha": 68.54838709677419,
  "Zakalik": 68.54838709677419,
  "Diez": 424.34,
  "Macri": 8.19672131147541,
  "Tome": 243.90243902439025,
  "Lozano": 65.04065040650407,
  "Prada": 16.260162601626018,
  "Silvestri": 237.15415019762847,
  "Coalova": 54.6875,
  "Gonzalez Paz": 152.0912547528517,
  "tipo de cambio avg": 1227.79
}
